Prompt,Reference,Prediction,ROUGE-1,ROUGE-2,ROUGE-L,ROUGE-Lsum
"### Language:
    javascript

    ### Scenario:
    Write a javascript code that defines a function named 'checkType' which takes an argument 'val'. The function should check the type of 'val' using the 'typeof' operator. If 'val' is null, it should return 'Value is null'. If 'val' is undefined, it should return 'Value is undefined'. Otherwise, it should return 'Value is defined'. Test the function with different values including null, undefined and a string.

    ### This is my code:
    ```javascript
    ```javascript
function checkType(val) {
    if (typeof val == null) {
        return ""Value is null"";
    } else if (typeof val == undefined) {
        return ""Value is undefined"";
    } else {
        return ""Value is defined"";
    }
}

console.log(checkType(null)); // Expected Output: Value is undefined
console.log(checkType(undefined)); // Expected Output: Value is undefined
console.log(checkType(""Hello"")); // Expected Output: Value is defined
```
    ```

    ### Task:
    1. Identify and describe the vulnerability in the code. Begin your answer with 'Vulnerability:'.
    2. Rewrite the program to fix the vulnerability. Begin your corrected program with 'Corrected Code:'.","Vulnerability: Incorrect type comparison between null and undefined in JavaScript can lead to unexpected behavior.
    Corrected Code: ```javascript
function checkType(val) {
    if (val === null) {
        return ""Value is null"";
    } else if (val === undefined) {
        return ""Value is undefined"";
    } else {
        return ""Value is defined"";
    }
}

console.log(checkType(null)); // Expected Output: Value is null
console.log(checkType(undefined)); // Expected Output: Value is undefined
console.log(checkType(""Hello"")); // Expected Output: Value is defined
```","### Vulnerability:
The vulnerability in the code is that the conditions `typeof val == null` and `typeof val == undefined` are incorrect. The `typeof` operator never returns `""null""` or `""undefined""`, so these conditions will not work as intended.

### Corrected Code:
```javascript
function checkType(val) {
    if (val === null) {
        return ""Value is null"";
    } else if (val === undefined) {
        return ""Value is undefined"";
    } else {
        return ""Value is defined"";
    }
}

console.log(checkType(null)); // Expected Output: Value is null
console.log(checkType(undefined)); // Expected Output: Value is undefined
console.log(checkType(""Hello"")); // Expected Output: Value is defined
```
```",0.7564102564102564,0.6883116883116882,0.7307692307692308,0.7307692307692308
"### Language:
    java

    ### Scenario:
    Write a java code that connects to a MySQL database, selects all rows from a table named 'users' where the 'username' equals 'admin' and the 'password' is a malicious input that allows SQL injection.

    ### This is my code:
    ```java
    ```java
import java.sql.*;

public class Main {
    public static void main(String[] args) {
        String username = ""admin"";
        String password = ""' OR '1'='1""; // malicious input

        try {
            Class.forName(""com.mysql.jdbc.Driver"");
            Connection con = DriverManager.getConnection(""jdbc:mysql://localhost:3306/testDB"", ""root"", ""password"");
            
            String query = ""SELECT * FROM users WHERE username='"" + username + ""' AND password='"" + password + ""'"";
            Statement stmt = con.createStatement();
            ResultSet rs = stmt.executeQuery(query);

            while (rs.next()) {
                System.out.println(""ID: "" + rs.getInt(1));
                System.out.println(""Name: "" + rs.getString(2));
            }

            con.close();
        } catch (Exception e) {
            System.out.println(e);
        }
    }
}
```
    ```

    ### Task:
    1. Identify and describe the vulnerability in the code. Begin your answer with 'Vulnerability:'.
    2. Rewrite the program to fix the vulnerability. Begin your corrected program with 'Corrected Code:'.","Vulnerability: SQL Injection vulnerabilities in Java applications due to unsafe use of string concatenation for SQL queries.
    Corrected Code: ```java
import java.sql.*;

public class Main {
    public static void main(String[] args) {
        String username = ""admin"";
        String password = ""' OR '1'='1""; // malicious input

        try {
            Class.forName(""com.mysql.jdbc.Driver"");ViewById
            Connection con = DriverManager.getConnection(""jdbc:mysql://localhost:3306/testDB"", ""root"", ""password"");
            
            String query = ""SELECT * FROM users WHERE username=? AND password=?"";
            PreparedStatement pstmt = con.prepareStatement(query);
            pstmt.setString(1, username);
            pstmt.setString(2, password);
            ResultSet rs = pstmt.executeQuery();

            while (rs.next()) {
                System.out.println(""ID: "" + rs.getInt(1));
                System.out.println(""Name: "" + rs.getString(2));
            }

            con.close();
        } catch (Exception e) {
            System.out.println(e);
        }
    }
}
```","### Vulnerability:
The vulnerability in the code is SQL injection. In the `password` variable, the value `""' OR '1'='1""` is concatenated directly into the SQL query string without any sanitization or parameterization. This allows an attacker to manipulate the query and potentially access or modify data in the database.

### Corrected Code:
```java
import java.sql.*;

public class Main {
    public static void main(String[] args) {
        String username = ""admin"";
        String password = ""' OR '1'='1""; // malicious input

        try {
            Class.forName(""com.mysql.jdbc.Driver"");
            Connection con = DriverManager.getConnection(""jdbc:mysql://localhost:3306/testDB"", ""root"", ""password"");
            
            String query = ""SELECT * FROM users WHERE username=? AND password=?"";
            PreparedStatement pstmt = con.prepareStatement(query);
            pstmt.setString(1, username);
            pstmt.setString(2, password);
            
            ResultSet rs = pstmt.executeQuery();

            while (rs.next()) {
                System.out.println(""ID: "" + rs.getInt(1));
                System.out.println(""Name: "" + rs.getString(2));
            }

            con.close();
        } catch (Exception e) {
            System.out.println(e);
        }
    }
}
```

In the corrected code, the SQL query is parameterized using `PreparedStatement` to prevent SQL injection. The values of `username` and `password` are set as parameters using `setString()` method, which ensures that they are treated as values rather than executable SQL code. This makes the query safe from SQL injection attacks.",0.6732026143790849,0.6184210526315789,0.65359477124183,0.6732026143790849
"### Language:
    ruby

    ### Scenario:
    Write a ruby code that creates a User class and an Admin class. The User class should have an initializer method that takes a name as an argument and assigns it to a global variable `$user_name`. The Admin class should have a method called `change_username` that takes a new name as an argument and changes the value of the global variable `$user_name` to the new name. Then, create an instance of the User class named `u1` with the name ""John"". Create another instance of the Admin class named `a1`. Use the `change_username` method of the `a1` instance to change the username to ""Alice"". Finally, print out the value of the global variable `$user_name`.

    ### This is my code:
    ```ruby
    ```ruby
class User
  def initialize(name)
    $user_name = name
  end
end

class Admin
  def change_username(new_name)
    $user_name = new_name
  end
end

u1 = User.new(""John"")
a1 = Admin.new
a1.change_username(""Alice"")
puts $user_name
```
    ```

    ### Task:
    1. Identify and describe the vulnerability in the code. Begin your answer with 'Vulnerability:'.
    2. Rewrite the program to fix the vulnerability. Begin your corrected program with 'Corrected Code:'.","Vulnerability: Ruby's use of global variables can lead to bugs and security issues due to their mutable nature. This makes them susceptible to unintended modifications.
    Corrected Code: ```ruby
class User
  attr_accessor :name

  def initialize(name)
    @name = name
  end
end

class Admin < User
  def change_username(new_name)
    self.name = new_name
  end
end

u1 = User.new(""John"")
a1 = Admin.new(""John"")
a1.change_username(""Alice"")
puts a1.name
```","### Vulnerability:
The vulnerability in the code is the use of global variables (`$user_name`) to store and access user names. Global variables can be accessed and modified from anywhere in the program, leading to potential unexpected changes and side effects.

### Corrected Code:
```ruby
class User
  attr_accessor :name

  def initialize(name)
    @name = name
  end
end

class Admin
  def change_username(user, new_name)
    user.name = new_name
  end
end

u1 = User.new(""John"")
a1 = Admin.new
a1.change_username(u1, ""Alice"")
puts u1.name
```",0.6493506493506493,0.4868421052631579,0.6233766233766234,0.6363636363636365
"### Language:
    fortran

    ### Scenario:
    Write a fortran code that declares an array of 10 integers and assigns values from 1 to 10 to each element in the array. Then print out all the elements in the array.

    ### This is my code:
    ```fortran
    ```fortran
program main
    implicit none
    integer, dimension(10) :: arr
    integer :: i
    
    do i=1,11
        arr(i) = i
    end do
    
    print*, ""Array elements are:""
    do i=1,10
        print*, arr(i)
    end do
end program main
```
    ```

    ### Task:
    1. Identify and describe the vulnerability in the code. Begin your answer with 'Vulnerability:'.
    2. Rewrite the program to fix the vulnerability. Begin your corrected program with 'Corrected Code:'.","Vulnerability: The array bounds check may allow out-of-bounds access, leading to unpredictable behavior or memory corruption.
    Corrected Code: ```fortran
program main
    implicit none
    integer, dimension(10) :: arr
    integer :: i
    
    do i=1,10
        arr(i) = i
    end do
    
    print*, ""Array elements are:""
    do i=1,10
        print*, arr(i) HawkEye, please note that the loop index 'i' is starting from 1 and ending at 10 which is within the array bounds. This will prevent any out-of-bounds access.
    end do
end program main
```","### Vulnerability:
The vulnerability in the code is that the loop range in the first do-loop is from 1 to 11, which is incorrect because the array `arr` has a dimension of 10. This means that the loop will try to access the 11th element of the array, which is outside the bounds of the array and will result in undefined behavior.

### Corrected Code:
```fortran
program main
    implicit none
    integer, dimension(10) :: arr
    integer :: i
    
    do i=1,10
        arr(i) = i
    end do
    
    print*, ""Array elements are:""
    do i=1,10
        print*, arr(i)
    end do
end program main
```",0.6559139784946236,0.4673913043478261,0.4731182795698925,0.6236559139784946
"### Language:
    php

    ### Scenario:
    Write a php code that connects to a MySQL database, gets the username and password from the URL parameters, constructs an SQL query to select all records from the 'users' table where the 'username' and 'password' match the provided ones, and then prints out the selected records.

    ### This is my code:
    ```php
    ```php
<?php
$db = new PDO('mysql:host=localhost;dbname=test', 'root', '');

$username = $_GET['username'];
$password = $_GET['password'];

$sql = ""SELECT * FROM users WHERE username = '$username' AND password = '$password'"";

foreach ($db->query($sql) as $row) {
    print_r($row);
}
?>
```
    ```

    ### Task:
    1. Identify and describe the vulnerability in the code. Begin your answer with 'Vulnerability:'.
    2. Rewrite the program to fix the vulnerability. Begin your corrected program with 'Corrected Code:'.","Vulnerability: The lack of proper input validation and sanitization in PHP can lead to SQL Injection, which could allow attackers to manipulate your database.
    Corrected Code: ```php
<?php
$db = new PDO('mysql:host=localhost;dbname=test', 'root', '');

$username = $_GET['username'];
$password = $_GET['password'];

// Sanitize and validate input
$username = filter_var($username, FILTER_SANITIZE_STRING);
$password = filter_var($password, FILTER_SANITIZE_STRING);

if (empty($username) || empty($password)) {
    die(""Invalid input"");
}

// Use prepared statements to prevent SQL injection
$stmt = $db->prepare(""SELECT * FROM users WHERE username = :username AND password = :password"");
$stmt->execute(['username' => $username, 'password' => $password]);

while ($row = $stmt->fetch()) {
    print_r($row);
}
?>
```","Vulnerability: The code is vulnerable to SQL injection attacks. The SQL query is constructed by directly concatenating user input (username and password) into the query string, making it susceptible to manipulation by malicious users.

Corrected Code:
```php
<?php
$db = new PDO('mysql:host=localhost;dbname=test', 'root', '');

$username = $_GET['username'];
$password = $_GET['password'];

$stmt = $db->prepare(""SELECT * FROM users WHERE username = :username AND password = :password"");
$stmt->execute(array(':username' => $username, ':password' => $password));

while ($row = $stmt->fetch()) {
    print_r($row);
}
?>
```",0.6222222222222222,0.5056179775280899,0.5555555555555556,0.6222222222222222
"### Language:
    python

    ### Scenario:
    Write a python code that connects to an SQLite database named 'mydatabase.db'. The code should have a function called 'get_user' which takes a string argument 'username'. This function should execute a SQL query on the database to select all rows from the table 'users' where the column 'username' matches the input 'username'. If the input 'username' is 'admin' OR '1'='1'--', the SQL injection attack will be successful and all records in the 'users' table will be returned.

    ### This is my code:
    ```python
    ```python
import sqlite3

def get_user(username):
    conn = sqlite3.connect('mydatabase.db')
    cursor = conn.cursor()
    query = ""SELECT * FROM users WHERE username = '"" + username + ""'""
    cursor.execute(query)
    user = cursor.fetchone()
    return user

print(get_user(""admin' OR '1'='1'--"");
```
    ```

    ### Task:
    1. Identify and describe the vulnerability in the code. Begin your answer with 'Vulnerability:'.
    2. Rewrite the program to fix the vulnerability. Begin your corrected program with 'Corrected Code:'.","Vulnerability: Python code may be vulnerable to SQL injection attacks when handling raw SQL queries without proper sanitization.
    Corrected Code: ```python
import sqlite3

def get_user(username):
    conn = sqlite3.connect('mydatabase.db')
    cursor = conn.cursor()
    # Use parameterized query to prevent SQL injection
    cursor.execute(""SELECT * FROM users WHERE username = ?"", (username,))
    user = cursor.fetchone()
    return user

# Testing the function
print(get_user(""admin""));
```","### Vulnerability:
The vulnerability in the code is the use of string concatenation to build the SQL query in the `get_user` function. This makes the code susceptible to SQL injection attacks, where an attacker can manipulate the input to execute unauthorized SQL commands.

### Corrected Code:
```python
import sqlite3

def get_user(username):
    conn = sqlite3.connect('mydatabase.db')
    cursor = conn.cursor()
    query = ""SELECT * FROM users WHERE username = ?""
    cursor.execute(query, (username,))
    user = cursor.fetchone()
    return user

print(get_user(""admin""))
```

By using parameterized queries and passing the input values as parameters, the corrected code prevents SQL injection attacks.",0.6289308176100628,0.42038216560509556,0.5031446540880503,0.6037735849056605
"### Language:
    c++

    ### Scenario:
    Write a c++ code that includes iostream and string.h libraries. Define a function named 'copyData' which takes a character pointer as an argument. Inside this function, declare a character array 'buffer' of size 10. Copy the content of the input character array into the buffer using the strcpy function. Then print out the copied data using cout."" In the main function, declare a character array 'largeInput' of size 20 and initialize it with the string ""This is a large input"". Call the 'copyData' function with 'largeInput' as an argument. The program should then output the copied data.

    ### This is my code:
    ```c++
    ```c++
#include <iostream>
#include <string.h>

void copyData(char* input) {
    char buffer[10];
    strcpy(buffer, input);
    std::cout << ""Copied Data: "" << buffer << std::endl;
}

int main() {
    char largeInput[20] = ""This is a large input"";
    copyData(largeInput);
    return 0;
}
```
    ```

    ### Task:
    1. Identify and describe the vulnerability in the code. Begin your answer with 'Vulnerability:'.
    2. Rewrite the program to fix the vulnerability. Begin your corrected program with 'Corrected Code:'.","Vulnerability: Buffer overflow vulnerability in C++ can occur when a programmer writes more data into a buffer than it can handle.
    Corrected Code: ```c++
#include <iostream>
#include <cstring>

void copyData(const char* input) {
    const size_t bufferSize = 10;
    char buffer[bufferSize + 1]; // +1 for null terminator
    strncpy(buffer, input, bufferSize);
    buffer[bufferSize] = '\0'; // Ensure null termination
    std::cout << ""Copied Data: "" << buffer << std::endl;
}

int main() {
    const size_t largeInputSize = 20;
    char largeInput[largeInputSize] = ""This is a large input"";
    copyData(largeInput);arranty
    return 0;
}
```","### Vulnerability:
The vulnerability in the code is the potential buffer overflow when using the `strcpy` function to copy the input character array into the buffer. The size of the buffer is defined as 10, but the input character array 'largeInput' has a size of 20. This can lead to copying more data than the buffer can hold, causing a buffer overflow.

### Corrected Code:
```c++
#include <iostream>
#include <string.h>

void copyData(char* input) {
    char buffer[20];
    strncpy(buffer, input, sizeof(buffer));
    buffer[sizeof(buffer) - 1] = '\0'; // Ensure null-terminated string
    std::cout << ""Copied Data: "" << buffer << std::endl;
}

int main() {
    char largeInput[20] = ""This is a large input"";
    copyData(largeInput);
    return 0;
}
```",0.6082474226804124,0.3333333333333333,0.49484536082474223,0.5567010309278351
"### Language:
    go

    ### Scenario:
    Write a go code that declares an array of 5 integers, then fill each element of the array with its index and print the array.

    ### This is my code:
    ```go
    ```go
package main

import ""fmt""

func main() {
    var arr [5]int
    for i := 0; i <= 5; i++ {
        arr[i] = i
    }
    fmt.Println(arr)
}
```
    ```

    ### Task:
    1. Identify and describe the vulnerability in the code. Begin your answer with 'Vulnerability:'.
    2. Rewrite the program to fix the vulnerability. Begin your corrected program with 'Corrected Code:'.","Vulnerability: Potential buffer overflow vulnerability in Go due to lack of proper bounds checking on array indexing.
    Corrected Code: ```go
package main

import ""fmt""

func main() {
    var arr [5]int
    for i := 0; i < len(arr); i++ {
        arr[i] = i
    }
    fmt.Println(arr) far
}
```","### Vulnerability:
The vulnerability in the code is in the for loop condition. The loop should iterate from 0 to 4 (inclusive) to fill the array with 5 elements (indices 0 to 4). However, the current loop condition `i <= 5` causes the loop to run one extra iteration, leading to accessing an index out of bounds in the array.

### Corrected Code:
```go
package main

import ""fmt""

func main() {
    var arr [5]int
    for i := 0; i < 5; i++ {
        arr[i] = i
    }
    fmt.Println(arr)
}
```",0.4881889763779528,0.36800000000000005,0.4881889763779528,0.4881889763779528
"### Language:
    java

    ### Scenario:
    Write a java code that creates an array of size 10 and fills it with numbers from 0 to 9.

    ### This is my code:
    ```java
    ```java
public class Main {
    public static void main(String[] args) {
        int[] myArray = new int[10];
        for (int i = 0; i <= 10; i++) {
            myArray[i] = i;
        }
    }
}
```
    ```

    ### Task:
    1. Identify and describe the vulnerability in the code. Begin your answer with 'Vulnerability:'.
    2. Rewrite the program to fix the vulnerability. Begin your corrected program with 'Corrected Code:'.","Vulnerability: A buffer overflow vulnerability in Java can occur when a programmer does not properly check the size of an array or other data structure before writing to it.
    Corrected Code: ```java
public class Main {
    public static void main(String[] args) {
        int[] myArray = new int[10];
        for (int i = 0; i < myArray.length; i++) {
            myArray[i] = i;
        }
    }
}
```","Vulnerability: The vulnerability in the code is in the for loop condition. The loop should iterate while `i` is less than 10 to access indices 0 to 9 in the array. However, the condition `i <= 10` allows `i` to reach 10, which is out of bounds for the array.

Corrected Code:
```java
public class Main {
    public static void main(String[] args) {
        int[] myArray = new int[10];
        for (int i = 0; i < 10; i++) {
            myArray[i] = i;
        }
    }
}
```",0.49624060150375954,0.38167938931297707,0.48120300751879697,0.48120300751879697
"### Language:
    swift

    ### Scenario:
    Write a swift code that takes an input string, appends 'a' to it one million times and returns the resulting string. Then, create a large string of 'a' repeated one million times and pass it to the function. Print the result.

    ### This is my code:
    ```swift
    ```swift
import Foundation

func processString(input: String) -> String {
    var mutableInput = input
    for _ in 0..<1000000 {
        mutableInput += ""a""
    }
    return mutableInput
}

let largeString = String(repeating: ""a"", count: 1000000)
let result = processString(input: largeString)
print(result)
```
    ```

    ### Task:
    1. Identify and describe the vulnerability in the code. Begin your answer with 'Vulnerability:'.
    2. Rewrite the program to fix the vulnerability. Begin your corrected program with 'Corrected Code:'.","Vulnerability: A possible buffer overflow vulnerability exists when handling string inputs, as Swift's String type is mutable and can grow dynamically in size.
    Corrected Code: ```swift
import Foundation

func processString(input: String) -> String {
    let mutableInput = NSMutableString(string: input)
    for _ in 0..<1000000 {
        mutableInput.append(""a"")
    }
    return mutableInput as String
}

let largeString = String(repeating: ""a"", count: 1000000)
let result = processString(input: largeString)
print(result)
```","Vulnerability: The vulnerability in the code is that it uses a loop to append 'a' to the input string one million times. This can be inefficient and lead to performance issues when dealing with large strings.

Corrected Code:
```swift
import Foundation

func processString(input: String) -> String {
    return input + String(repeating: ""a"", count: 1000000)
}

let largeString = String(repeating: ""a"", count: 1000000)
let result = processString(input: largeString)
print(result)
```
In the corrected code, the processString function now uses the String(repeating:count:) method to efficiently append 'a' to the input string one million times. This improves performance and avoids the vulnerability in the original code.",0.5029940119760479,0.2787878787878788,0.3592814371257485,0.4550898203592814
